<mvc:View controllerName="recommendation.recom"
    xmlns="sap.m"
 	xmlns:mvc="sap.ui.core.mvc"
	xmlns:core="sap.ui.core"
    displayBlock="true"
    height="100%"

>
	<App id="App">
		 <Page id="Page" >
			<content>
			<FlexBox id="FlexBox" items="{M1>/result}" direction="Column">
			<items>
			<Table id="hitsTable" inset="false" alternateRowColors="false"			
			items="{path: 'M1>Item',sorter: [{ path: 'Status', descending: false}, {path: 'AI_close_reason', descending: true }], templateShareable:false}"
			growing="true" growingScrollToLoad="false" growingThreshold="15" selectionChange="onSelection"
			noDataText="{i18n>NoAddrHits}" sticky="HeaderToolbar,ColumnHeaders" includeItemInSelection="true"
			busyIndicatorDelay="0"
		    enableBusyIndicator="false">  

					<headerToolbar>
						<OverflowToolbar id="_IDGenOverflowToolbar">
							<Title id="hitsTableHeaderTitle" text="{path:'M1>i2/ScreenedName'},{path:'M1>i2/ScreenedAddress'},{path:'M1>i2/ScreenedCountry'}"/>
							<ToolbarSpacer id="_IDGenToolbarSpacer"/>  
							<Button id="SubAddrHits" text="Submit Address Hits" type="Emphasized" press="onSubmitHits" enabled="{=${M1>AlertLC} === '02' &amp;&amp; ${M1>isItemSelected} === true }"></Button>
							<Button id="CompItm" text="Complete Item" type="Emphasized" press="onCompleteItem" enabled="{=${M1>AlertLC} === '02' &amp;&amp; ${M1>disableCompleteItem} === 'false'
							        &amp;&amp; ${M1>isItemSelected} === true}"></Button>
						</OverflowToolbar>
					</headerToolbar>

					<columns>
						<Column id="Screeningselect">
							<CheckBox id="Select-header" enabled="{=${M1>AlertLC} === '02'}" select="onHeaderCheckboxSelect" selected="{= ${M1>isItemSelected} === true}"/>
						</Column>

						<Column id="ScreeningNameColumn" vAlign="Middle">
							<Text id="Name-header" text="{parts:['i18n>Name',{path:'M1>i2/ScreenedName'}], formatter:'.columnTextWithLineBreak'}"/>
						</Column>

						<Column id="ScreeningAddressColumn" vAlign="Middle" minScreenWidth="XLarge" popinDisplay="WithoutHeader" demandPopin="true">
							<Text id="Address-header" text="{parts:['i18n>Address',{path:'M1>i2/ScreenedAddress'}], formatter:'.columnTextWithLineBreak'}" />
						</Column>

						<Column  id="ScreeningCountryColumn" width="8rem" vAlign="Middle" minScreenWidth="XLarge" popinDisplay="WithoutHeader" demandPopin="true">
							<Text id="Country-header" text="{parts:['i18n>Country',{path:'M1>i2/ScreenedCountry'}], formatter:'.columnTextWithLineBreak'}" />
						</Column>

						<Column id="MatchColumn" width="7rem" hAlign="End" vAlign="Middle">
							<Text id="Matchscr-header" text="{parts:['i18n>Match',{path:'M1>i2/OverallScore'}], formatter:'.columnTextWithLineBreak'}" />
						</Column>

						<Column id="ScreeningListDetailsColumn" width="10rem" hAlign="Center" vAlign="Middle" minScreenWidth="Large" popinDisplay="Inline" demandPopin="true">
							<Text id="List-header" text="{parts:['i18n>ScrList'], formatter:'.columnTextWithLineBreak'}" />
						</Column>

						<Column id="DecisionColumn" width="5rem" hAlign="Center" vAlign="Middle" minScreenWidth="Large" popinDisplay="Block" demandPopin="true" visible="{viewSettings>/decisionsEnabled}">
							<Text id="Decision-header" text="{parts:['i18n>Decision'], formatter:'.columnTextWithLineBreak'}"/>
						</Column>

						<Column id="StatusColumn" width="7rem" vAlign="Middle" minScreenWidth="Large" popinDisplay="Block" demandPopin="true">
							<Text id="Status--header" text="{parts:['i18n>Status'], formatter:'.columnTextWithLineBreak'}" />
						</Column>

						<Column id="ScreeningCloseReasonColumn">
							<Text id="ClsReason-header" text="{parts:['i18n>AIClsReason'], formatter:'.columnTextWithLineBreak'}" />
						</Column>						

					    <Column id="FeedbackColumn" vAlign="Middle" minScreenWidth="10rem">
							<Text id="Feedback-header" text="{parts:['i18n>Feedback'], formatter:'.columnTextWithLineBreak'}" />
						</Column>

						<Column id="RemarkColumn" vAlign="Middle" minScreenWidth="90rem" popinDisplay="Block" demandPopin="true">
							<Text id="Remark-header" text="{parts:['i18n>AIRecomm'], formatter:'.columnTextWithLineBreak'}" />
						</Column>
					</columns>

					<items>
						<ColumnListItem id="screeningHit-item" type="Active">
							<cells>
									<CheckBox id="Select-item" select="onItemCheckboxSelect" visible="{= ${M1>isCheckBoxVisible} === 'true'}" enabled="{=${M1>Alert_LC} === '02'}" selected="{= ${M1>isSelected} === true}"/>
								    <!-- <CheckBox id="Select-item" visible="{=${M1>isCheckBoxVisible} === 'true'}"/> -->
									<Text id="Name"  text="{M1>HitName}"/>
                                    <Text id="Address"  text="{M1>HitAddress}" />
                                    <Text id="Country" text="{M1>HitCountryCode}" />
									<Text id="MatchScr" text="{path:'M1>OverallMatch', formatter: '.toPercentage' }"/>
									<Link id="EntityId" text="{M1>Entity_ID}" press="onLinkPress"/>
									<Switch id="Decision" customTextOn="{i18n>DecisionTextYes}" customTextOff="{i18n>DecisionTextNo}" change="onDecisionChanged" 
									        enabled="{=${M1>Alert_LC} === '02' &amp;&amp; ${M1>Status} === 'Open' &amp;&amp; ${M1>AI_close_reason} === 'No-Hit'}" state="{M1>Hit}"/>
									<Text id="Status" text="{M1>Status} "/>
									<Text id="ClsReason" text="{M1>AI_close_reason}"/>
									<Button id="Dislike" icon="sap-icon://thumb-down" press="onDislikePress" enabled="{=${M1>Alert_LC} === '02'}"/>
                                    <TextArea id="Remark" maxLength="1000" growing="true"	rows="1" width="100%" growingMaxLines="10" value="{M1>AI_Recommendation}" 
									          editable="{=${M1>Alert_LC} === '02' &amp;&amp; ${M1>Status} === 'Open' &amp;&amp; ${M1>AI_close_reason} === 'No-Hit'}"/>
							</cells>
						</ColumnListItem>
			        </items>
		    </Table>
			</items>
			</FlexBox>
			</content>
		</Page>
	</App>
</mvc:View>